{
  "count_prompt_orientation": 0.07420016080141068,
  "count_prompt_implementation": 0.6692020297050476,
  "count_prompt_verification": 0.2565978169441223
}