{
  "prompt_length": 0.20500457286834717,
  "has_code_context": 0.0,
  "has_function_name": 0.29239508509635925,
  "has_constraint_language": 0.502600371837616,
  "has_scoped_verbs": 0.0
}